name,region,state,tier,tier_name,type,exp_instr_pc_2013,ipeds_enrollment_2013,sticker_price_2013,scorecard_netprice_2013,grad_rate_150_p_2013,avgfacsal_2013,sat_avg_2013,endowment_pc_2000,mr_kq5_pq1,mr_ktop1_pq1,par_median,par_q1,par_q2,par_q3,par_q4,par_q5,par_top5pc,par_top1pc,k_median,k_top5pc,k_top1pc,fy2016_endowment_pc,fy2016_endowment_thousands,log_endow_pc,is_ivy
Agnes Scott College,3,GA,4,Highly selective private,2,10864.845,915,35982,16756,0.720183486238532,8379,NA,NA,0.014744159,8.4282074e-5,97200,0.072003044,0.12996751,0.15526837,0.226091,0.41667008,0.11762413,0.012381608,38900,0.073669724,0.015001114,252178.5983,223094,12.437892838880419,FALSE
American University,3,DC,4,Highly selective private,2,10360.741,7340,41833,24281,0.7998442367601246,11074,1245,NA,0.012844238,0.001853017,135700,0.035309114,0.066071384,0.10890936,0.17679563,0.61291456,0.2953482,0.087893449,59100,0.18462574,0.037534747,50725.58617,576919,10.834185720467563,FALSE
Amherst College,1,MA,2,Other elite schools (private and public),2,21715.02,1785,48526,1936,0.9578059071729956,11690,1449,NA,0.019616831,0.0026926997,181300,0.042215958,0.059988361,0.094621271,0.097151466,0.70602298,0.43920442,0.16812453,69300,0.34223711,0.14266573,1131945.961,2031843,13.93944879897328,FALSE
Austin College,3,TX,4,Highly selective private,2,11745.803,1207,34840,17558,0.7177177177177178,7605,1195,NA,0.022787016,0.0011001534,109300,0.057600904,0.086529933,0.16222641,0.22647347,0.46716928,0.17718829,0.033268224,49700,0.15712738,0.055502415,100737.7706,125620,11.520276088818513,FALSE
Babson College,1,MA,4,Highly selective private,2,13442.27,2106,45120,19718,0.9072847682119204,14952,1275,NA,0.027997315,0.0042740521,140500,0.041080918,0.069346882,0.095390707,0.1734544,0.62072706,0.34550944,0.11375799,95300,0.46762216,0.17773013,126141.3402,344492,11.745158304863912,FALSE
Barnard College,1,NY,2,Other elite schools (private and public),2,18913.918,2498,46040,15943,0.8965517241379312,11888,1345,NA,0.034545787,0.004341159,148000,0.065402597,0.08757998,0.092271917,0.12810346,0.62664211,0.37600601,0.12618665,56300,0.21107487,0.067330688,113643.7252,286761,11.640823616141866,FALSE
Bates College,1,ME,2,Other elite schools (private and public),2,18547.434,1791,47030,14332,0.9298642533936652,10374,NA,NA,0.0075810608,8.6732709e-4,176900,0.018359207,0.047235712,0.07726942,0.16423874,0.6928969,0.43707693,0.13819,55900,0.20628333,0.070174351,140053.5714,250976,11.84978028125565,FALSE
Baylor University,3,TX,4,Highly selective private,2,12419.549,13292,38120,26425,0.7471517824329291,8793,1230,NA,0.013736501,0.0013184855,132400,0.040205304,0.072580665,0.1105746,0.18152407,0.59511542,0.27677065,0.059036355,50300,0.18077478,0.050288547,70025.09026,1144280,11.156608889095704,FALSE
Beloit College,2,WI,4,Highly selective private,2,11351.498,1306,42500,14737,0.7815384615384614,7161,NA,NA,0.0090190554,0.0014354236,109800,0.037870955,0.080854058,0.13371772,0.25324389,0.4943133,0.15779327,0.027448835,40600,0.070832789,0.013553839,108217.9747,142487,11.591902756366274,FALSE
Bentley University,1,MA,4,Highly selective private,2,10753.32,4247,42511,19464,0.8727076591154261,12158,1240,NA,0.029418632,0.0023907071,119600,0.048559688,0.073758304,0.13549805,0.1938976,0.54828644,0.19987799,0.046308782,79800,0.33897567,0.085626543,47266.99661,241944,10.763567584853135,FALSE
Bowdoin College,1,ME,2,Other elite schools (private and public),2,21796.42,1795,46808,4754,0.9326315789473684,10803,NA,NA,0.010947428,8.7762868e-4,177600,0.026358966,0.051449575,0.093983881,0.1360158,0.69219184,0.43701988,0.1536718,61000,0.25249949,0.085235901,746230.3694,1339981,13.522789637681308,FALSE
Brandeis University,1,MA,2,Other elite schools (private and public),2,15709.19,3614,47475,13644,0.8958630527817404,11328,1365,NA,0.020382755,0.0037860365,142700,0.040012892,0.069371127,0.11065703,0.16196483,0.61799419,0.31855661,0.086154282,63100,0.24771248,0.076518171,160951.5969,866778,11.988858958392553,FALSE
Brown University,1,RI,1,Ivy Plus,2,28680.811,6455,47434,5234,0.9451591062965472,13381,1440,NA,0.015486852,0.0020264117,197000,0.029180808,0.042766131,0.070927814,0.12094032,0.73618495,0.4801276,0.18865089,66900,0.31550881,0.13741633,326290.0242,2963366,12.69554190963475,TRUE
Bryn Mawr College,1,PA,2,Other elite schools (private and public),2,24117.848,1328,45540,14097,0.840909090909091,9775,1320,NA,0.018263785,0.0012667102,125400,0.051568918,0.088967226,0.12213887,0.17481363,0.56251127,0.27508262,0.070389114,47400,0.13419098,0.029328112,485654.5491,797121,13.093252845820478,FALSE
Bucknell University,1,PA,2,Other elite schools (private and public),2,17158.783,3532,48498,19934,0.9075535512965052,10168,1305,NA,0.014601452,0.001628744,149800,0.026475985,0.057272293,0.10861945,0.1671465,0.64048576,0.36212891,0.11221072,71800,0.31738994,0.095492952,201064.57,722425,12.211381379234572,FALSE
Carleton College,2,MN,2,Other elite schools (private and public),2,21752.109,2045,47736,10300,0.9214145383104124,10669,1415,NA,0.013661893,0.001484305,152000,0.025803708,0.044767044,0.10180618,0.1799393,0.64768386,0.35095957,0.083253548,51700,0.17163351,0.056850538,368576.5646,738136,12.817403742706636,FALSE
Case Western Reserve University,2,OH,2,Other elite schools (private and public),2,27416.066,4661,43158,15222,0.8012367491166078,10272,1370,NA,0.017887011,0.0018017193,118200,0.032713771,0.065086842,0.13811813,0.22673118,0.53735012,0.18254972,0.035472538,73400,0.30714098,0.086814828,157059.7292,1662739,11.964381452745538,FALSE
Clark University,1,MA,4,Highly selective private,2,10793.418,2380,40730,17786,0.8094405594405595,9630,NA,NA,0.022418769,0.0016414659,103000,0.05281157,0.096697249,0.1681546,0.23460267,0.44773394,0.18150261,0.050328232,49600,0.10537775,0.022100532,113711.3444,371874,11.641418449607535,FALSE
Colgate University,1,NY,2,Other elite schools (private and public),2,18798.379,2890,48175,7134,0.9086021505376344,10985,1375,NA,0.0087406812,0.0010027857,208900,0.02392368,0.05331241,0.069005579,0.12226261,0.73149574,0.50260758,0.19767268,71500,0.33427224,0.12578508,288813.7083,821675,12.573537151287056,FALSE
Colorado College,4,CO,4,Highly selective private,2,17548.145,2041,46410,11662,0.8721374045801527,10886,NA,NA,0.018225832,0.002691631,154600,0.048108205,0.079629481,0.11831924,0.14019668,0.6137464,0.38977557,0.13256186,43600,0.1311245,0.032880832,323037.8251,683225,12.685524700921226,FALSE
Connecticut College,1,CT,2,Other elite schools (private and public),2,18508.02,1915,47740,6586,0.8353658536585366,9574,NA,NA,0.015796896,0.0016020592,170500,0.031054907,0.060571387,0.082687154,0.14583586,0.6798507,0.41683662,0.13932349,55500,0.15757817,0.041153256,145570.7698,273576,11.888417637722233,FALSE
Cornell University,1,NY,1,Ivy Plus,2,21218.816,14393,47286,9149,0.9334442595673877,13820,1420,NA,0.029070236,0.0050723562,143300,0.048977412,0.072817601,0.10707949,0.15052344,0.62060207,0.32325426,0.091139019,79800,0.38895714,0.14479831,263559.5532,5757722,12.482034629776662,TRUE
Dartmouth College,1,NH,1,Ivy Plus,2,21772.873,4276,48108,9858,0.9470377019748654,13143,1455,NA,0.013762614,0.0036311145,185500,0.027713936,0.051006421,0.081291251,0.12927108,0.71071732,0.4569706,0.17733659,76600,0.39081025,0.17672077,713166.0822,4474404,13.477469606633289,TRUE
Davidson College,3,NC,2,Other elite schools (private and public),2,17948.527,1788,45377,9479,0.9245689655172412,11706,1335,NA,0.0041020564,0.0017017338,208500,0.013816977,0.035382777,0.069171324,0.10971762,0.77191138,0.49338904,0.17505419,60300,0.27753106,0.096828543,371034.7534,661926,12.824051012134964,FALSE
Denison University,2,OH,4,Highly selective private,2,14657.806,2274,45670,9498,0.8136752136752137,8414,NA,NA,0.0093918415,0.0013203255,149300,0.031097684,0.058350503,0.10251603,0.16279356,0.64524221,0.34794077,0.093930125,53700,0.17089403,0.045783628,317925.4217,716180,12.66957211130153,FALSE
Dickinson College,1,PA,4,Highly selective private,2,16881.635,2396,47692,15278,0.8562197092084005,8726,NA,NA,0.012097311,0.0016719992,136600,0.022410417,0.053809442,0.11695296,0.20052758,0.60629964,0.30393133,0.10373,55100,0.1543889,0.039086867,158714.246,381020,11.9748606693414,FALSE
Duke University,3,NC,1,Ivy Plus,2,55339.918,6646,47243,6871,0.9423190111830488,14288,1460,NA,0.016026281,0.0042524287,196000,0.03180375,0.051623411,0.074047938,0.12539901,0.71712601,0.47915623,0.19215614,87500,0.43752769,0.20383582,442704.2071,6839780,13.000657121950432,TRUE
Elon University,3,NC,4,Highly selective private,2,13526.571,5599,31247,19249,0.8164852255054433,8485,1225,NA,0.0063649565,3.7003716e-5,146000,0.020629592,0.047432169,0.097863033,0.17212591,0.66194928,0.29225561,0.067646362,47300,0.11685187,0.022861997,31260.30728,201431,10.350104433741615,FALSE
Emory University,3,GA,2,Other elite schools (private and public),2,36411.211,7836,45008,18204,0.9078303425774876,12133,1370,NA,0.018005462,0.0035348041,175700,0.036100194,0.066468887,0.092586413,0.12645225,0.67839229,0.43500996,0.16779459,67800,0.3317872,0.1281234,498131.1926,6401650,13.118618760268665,FALSE
Fordham University,1,NY,4,Highly selective private,2,12488.938,8345,45238,22577,0.8051136363636363,12679,1250,NA,0.039781969,0.003079972,113300,0.076365903,0.093862742,0.12761247,0.19168758,0.51047134,0.19682981,0.047085628,63300,0.2285953,0.067350052,45917.87812,614871,10.734609821737664,FALSE
Franklin & Marshall College,1,PA,2,Other elite schools (private and public),2,18996.242,2297,48514,10475,0.8734622144112478,9332,NA,NA,0.012550002,6.3821644e-5,162900,0.022225803,0.049962074,0.086633638,0.16653943,0.67463911,0.38271695,0.10822622,57800,0.21589302,0.052339256,137168.6368,305566,11.828966373389973,FALSE
Furman University,3,SC,4,Highly selective private,2,16330.452,2797,44668,13167,0.8426323319027181,8957,NA,NA,0.0069198092,3.7967076e-4,156700,0.022132641,0.047351703,0.089136332,0.15923896,0.68214035,0.35714242,0.10985211,48100,0.14949955,0.046911817,221989.4417,609731,12.310385099813498,FALSE
Georgetown University,3,DC,2,Other elite schools (private and public),2,23206.027,7636,46744,10197,0.9245402663284717,12851,1420,NA,0.01945704,0.0036364838,195100,0.03188619,0.047883362,0.079672672,0.1138293,0.72672844,0.47898474,0.1779272,84400,0.41259003,0.17520817,92902.74502,1483502,11.439308472481647,FALSE
Gettysburg College,1,PA,4,Highly selective private,2,14710.354,2524,47480,12102,0.8357348703170028,9257,NA,NA,0.0081598666,0.0012412594,138500,0.018628128,0.051101472,0.11865012,0.19361117,0.61800915,0.31284624,0.10693479,58800,0.21013363,0.055665385,113606.3757,276783,11.640494907814007,FALSE
Gonzaga University,4,WA,4,Highly selective private,2,8375.6582,4896,36535,21095,0.8228460793804453,8626,1195,NA,0.0080217542,0,121100,0.02698392,0.067326613,0.12614593,0.2291756,0.55036795,0.21897499,0.048732743,54900,0.168501,0.033150863,29194.34458,181365,10.281730290731096,FALSE
Grinnell College,2,IA,4,Highly selective private,2,20974.91,1721,45620,10120,0.8568075117370892,9129,1395,NA,0.014552889,0.0033151554,126400,0.035332449,0.059681505,0.11507009,0.20103362,0.58888239,0.20725198,0.040381648,47300,0.11753388,0.033657759,982393.0487,1648783,13.79774676051529,FALSE
Gustavus Adolphus College,2,MN,4,Highly selective private,2,11956.366,2449,40400,14989,0.8228228228228227,7179,NA,NA,0.0066766385,0.0011127309,114000,0.021438349,0.064273573,0.13433298,0.26091552,0.51903963,0.18419328,0.037000399,53100,0.15879178,0.041656069,60650.29024,142791,11.012879699851265,FALSE
Hamilton College,1,NY,2,Other elite schools (private and public),2,24144.373,1926,47820,6415,0.9294871794871796,11159,1390,NA,0.023019336,0.0015902122,164600,0.038505599,0.051822692,0.082808569,0.15469781,0.67216539,0.37882301,0.12935546,60300,0.2407331,0.097587794,437712.9084,817210,12.989318514176611,FALSE
Hampshire College,1,MA,4,Highly selective private,2,12883.892,1492,48065,23475,0.6607142857142857,9033,NA,NA,0.0074167168,0.0010361358,119300,0.057154361,0.10661892,0.13214789,0.17757855,0.52650028,0.27990392,0.081500396,31200,0.042189002,0.015453354,28089.3617,39606,10.243146196451002,FALSE
Harvard University,1,MA,1,Ivy Plus,2,34848.566,10534,43938,3897,0.9746529873264936,17861,1505,NA,0.017591679,0.0041402928,174000,0.030466165,0.0534385,0.081116386,0.13245763,0.70252132,0.42597306,0.15399452,81500,0.42388153,0.21091336,1463887.65,34541893,14.196606228755313,TRUE
Harvey Mudd College,4,CA,2,Other elite schools (private and public),2,25586.389,807,48594,7080,0.9081632653061223,12450,1494,NA,0.029232727,0.0060680341,139800,0.039317533,0.06321729,0.11517868,0.17000231,0.61228418,0.26962224,0.053890709,82400,0.37278041,0.11106659,333160.0815,272636,12.716378378676453,FALSE
Haverford College,1,PA,2,Other elite schools (private and public),2,23790.914,1187,47214,5685,0.9333333333333336,10341,1410,NA,0.017978437,0.0011470667,174200,0.045679741,0.047854267,0.10426855,0.13896203,0.66323543,0.42424002,0.12276054,57200,0.22117552,0.071224883,382598.5401,471744,12.854741520246561,FALSE
Hendrix College,3,AR,4,Highly selective private,2,11474.18,1431,39140,17092,0.6958904109589041,7233,1200,NA,0.0062430608,0.0022840239,107500,0.060712356,0.09218277,0.14899667,0.24119505,0.45691323,0.14278966,0.014221186,40900,0.073012009,0.014328302,139081.8318,185257,11.842817756871991,FALSE
Illinois Wesleyan University,2,IL,4,Highly selective private,2,13828.014,2009,40844,19342,0.7806691449814126,7853,1265,NA,0.010769322,5.9966242e-4,120900,0.019974636,0.042185985,0.11905369,0.23489067,0.58389509,0.20947579,0.049772725,58000,0.19061145,0.058312055,112769.5526,206669,11.633101657851256,FALSE
Johns Hopkins University,3,MD,2,Other elite schools (private and public),2,71148.148,6117,47060,11547,0.9253968253968254,10922,1435,NA,0.021514801,0.0053945119,142300,0.036704928,0.057801947,0.11920501,0.1648141,0.62147403,0.33017173,0.088066913,75000,0.34445798,0.13199654,201674.8777,3381281,12.21441216338377,FALSE
Kalamazoo College,2,MI,4,Highly selective private,2,14419.896,1458,41161,10326,0.7741046831955921,7991,1224,NA,0.010934224,9.6701074e-4,139700,0.026910778,0.053973638,0.094755515,0.17317343,0.6511867,0.24880071,0.045004118,53700,0.18919665,0.065325685,143892.8323,206774,11.876824081349966,FALSE
Kenyon College,2,OH,2,Other elite schools (private and public),2,18639.482,1705,47330,8546,0.8908296943231442,8924,1325,NA,0.006436008,0.0016890481,168400,0.021347713,0.043400247,0.087348647,0.15545818,0.69244522,0.41855833,0.14486052,48000,0.14050704,0.049430981,122637.111,208851,11.716984956516763,FALSE
Kettering University,2,MI,4,Highly selective private,2,8894.9971,1684,36980,26542,0.6077922077922078,7704,1210,NA,0.031106485,0,100100,0.041647803,0.091911294,0.15493441,0.30737162,0.40413493,0.067213289,0.0051637678,85400,0.28100237,0.023946611,38775.87389,75432,10.565553525250479,FALSE
Knox College,2,IL,4,Highly selective private,2,11128.689,1424,40497,15725,0.7947882736156351,5295,NA,NA,0.010817061,6.9381553e-4,99900,0.042475175,0.099849001,0.16248356,0.27282953,0.42236274,0.11446815,0.017861316,44700,0.09364567,0.019112131,89805.46818,123722,11.405401145309446,FALSE
Lafayette College,1,PA,2,Other elite schools (private and public),2,18190.701,2486,45635,9747,0.883248730964467,10996,1300,NA,0.016269231,0.001419495,156700,0.027788993,0.029509699,0.098437242,0.16700178,0.67726219,0.35179335,0.099882178,75300,0.29891801,0.065584026,292712.1756,733244,12.586945069354966,FALSE
Lehigh University,1,PA,2,Other elite schools (private and public),2,15683.051,4931,44890,16142,0.8583690987124464,12344,1320,NA,0.018740082,9.5511891e-4,138300,0.032861903,0.061060429,0.11308983,0.1820063,0.61098158,0.32655367,0.099099644,81200,0.36192107,0.1003074,179117.4386,1162711,12.095796951259718,FALSE
Loyola University New Orleans,3,LA,4,Highly selective private,2,9412.6406,2946,36630,16589,0.548582995951417,8612,1120,NA,0.015620732,0.0015042003,113800,0.054181024,0.09901002,0.12348485,0.20940006,0.513924,0.20338193,0.051247224,42800,0.10808825,0.018747626,71145.0248,243814,11.172475675563609,FALSE
Macalester College,2,MN,2,Other elite schools (private and public),2,15990.338,2039,47195,12117,0.8742268041237113,9450,1367.5,NA,0.0139422,1.2773109e-4,115500,0.04760595,0.0804919,0.14552014,0.20309329,0.52328873,0.22699536,0.048453167,47000,0.10600132,0.028747361,325770.3164,700189,12.69394786111596,FALSE
Marquette University,2,WI,4,Highly selective private,2,8646.0977,8365,35930,18795,0.7824406405300939,9665,1195,NA,0.011462465,8.4768678e-4,124800,0.027533337,0.05864165,0.11006212,0.22035825,0.58340454,0.22018613,0.054979477,60100,0.1815597,0.039403487,52058.8625,550106,10.86013032852114,FALSE
Middlebury College,1,VT,2,Other elite schools (private and public),2,27825.463,2517,45957.313,7357,0.93603744149766,10587.2,1365,NA,0.012677005,0.0017261272,219600,0.023217954,0.040311631,0.079544425,0.098832816,0.75809318,0.51958042,0.21107145,61800,0.27781358,0.11343364,395493.2806,1000598,12.887889076412145,FALSE
Mount Holyoke College,1,MA,4,Highly selective private,2,17656.627,2183,42656,13169,0.8187134502923976,9715,NA,NA,0.025985811,0.0025918151,108700,0.060082663,0.09487877,0.14655104,0.21037002,0.48811758,0.23000088,0.046659976,48900,0.097075485,0.015882751,309214.9143,667595,12.641791829655025,FALSE
Muhlenberg College,1,PA,4,Highly selective private,2,14762.75,2448,44145,14567,0.8584392014519057,8429,NA,NA,0.010286807,0.0020260571,150300,0.022099353,0.036918752,0.070275374,0.18310079,0.68760568,0.32174984,0.077504151,60100,0.22285779,0.05826959,105676.9362,246967,11.568141947481477,FALSE
Northeastern University,1,MA,4,Highly selective private,2,10817.113,13223,43440,18570,0.8256016742239275,10839.097,1420,NA,0.024375604,8.9390454e-4,108300,0.051461115,0.099958181,0.14783362,0.21762224,0.48312482,0.16613449,0.037825361,61800,0.20157698,0.03609914,35857.2488,693025,10.487301023635917,FALSE
Northwestern University,2,IL,2,Other elite schools (private and public),2,29649.398,9283,47251,15841,0.9418898433552296,14525,1475,NA,0.016942441,0.002434755,168500,0.030700425,0.054111414,0.085163251,0.14800173,0.68202323,0.41565529,0.14244716,72600,0.35380748,0.14205506,516653.1191,9648497,13.155126978786766,FALSE
Oberlin College,2,OH,2,Other elite schools (private and public),2,24666.25,2894,48682,10774,0.8865836791147994,9872,1355,NA,0.012481108,9.4602274e-4,127100,0.041793931,0.068592668,0.12776509,0.19382237,0.56802601,0.29523271,0.077537186,38900,0.086156696,0.016003484,264002.3992,770271,12.483713469965947,FALSE
Occidental College,4,CA,2,Other elite schools (private and public),2,15477.158,2055,47522,15635,0.8777292576419214,10402,1300,NA,0.033389218,0.0017558632,122400,0.085336223,0.098447613,0.12118489,0.17474446,0.5202868,0.27686492,0.086651601,49000,0.1385643,0.039994642,185130.3337,371680,12.128815362498747,FALSE
Pepperdine University,4,CA,4,Highly selective private,2,10990.709,3538,46692,17229,0.8042609853528628,11650,1225,NA,0.018597502,0.0029772737,124100,0.04315082,0.079490021,0.14115372,0.18051618,0.55568922,0.28832242,0.11783572,55800,0.22252442,0.052035838,124961.2432,781341,11.735758913807635,FALSE
Pitzer College,4,CA,4,Highly selective private,2,21433.299,1081,47020,11907,0.8214285714285714,10084,NA,NA,0.022146214,0.0017053715,131900,0.062417161,0.087090917,0.099069104,0.16149834,0.58992445,0.35811493,0.13643451,43500,0.12010661,0.023460168,121342.7843,126965,11.706374747499716,FALSE
Pomona College,4,CA,2,Other elite schools (private and public),2,29610.455,1610,45832,4712,0.9573333333333331,12326,1460,NA,0.019502569,6.2907249e-4,161600,0.036810484,0.065381095,0.088323444,0.12827909,0.68120587,0.38768524,0.12397808,62000,0.25608358,0.10563219,1199354.079,1984931,13.997293702340272,FALSE
Princeton University,1,NJ,1,Ivy Plus,2,37336.176,5323,41820,5932,0.9694288012872084,15711,1500,NA,0.013457949,0.0029252854,218100,0.020432552,0.041464746,0.06235626,0.10820626,0.76754022,0.5258593,0.20105956,90700,0.45165357,0.23158072,2750278.927,22152580,14.827212892499283,TRUE
Quinnipiac University,1,CT,4,Highly selective private,2,11963.098,6542,40670,26380,0.7627118644067796,8649,1090,NA,0.0090074828,1.040901e-4,127000,0.018561233,0.056654323,0.12257633,0.20969975,0.59250844,0.21665531,0.04381074,60000,0.16914493,0.029493261,45150.59353,387964,10.71775870449516,FALSE
Reed College,4,OR,2,Other elite schools (private and public),2,18306.633,1395,47760,12374,0.8189910979228487,10092,1385,NA,0.011408932,0,121900,0.042067382,0.1039931,0.13764822,0.16798943,0.54830182,0.28037161,0.080454804,36900,0.098846145,0.021405617,351251.8274,496553,12.769258702178837,FALSE
Rensselaer Polytechnic Institute,1,NY,2,Other elite schools (private and public),2,16340.343,5452,47908,23115,0.8493788819875776,12145,1395,NA,0.030490816,0.0033770595,114200,0.047184251,0.088806197,0.12043013,0.22821431,0.51536512,0.14331169,0.024381246,84100,0.34958053,0.073526338,91927.99228,634916,11.4287608569587,FALSE
Rhodes College,3,TN,4,Highly selective private,2,13834.946,2027,41572,17008,0.7831858407079646,8035,1290,NA,0.012574136,0.0048445496,164400,0.021719659,0.050110903,0.097058021,0.12940815,0.70170319,0.40992972,0.1542792,52000,0.19690245,0.065409094,154870.8002,318053,11.950346501211058,FALSE
Rice University,3,TX,2,Other elite schools (private and public),2,35572.121,3965,40566,7799,0.9110512129380054,13468,1470,NA,0.01603426,0.0026360333,149200,0.032903127,0.055400196,0.098190367,0.14332509,0.67018121,0.31509456,0.071944341,76700,0.37363374,0.16690169,812331.1295,5324289,13.60766333096879,FALSE
Rollins College,3,FL,4,Highly selective private,2,10779.734,2608,43080,24545,0.6704761904761904,7767,NA,NA,0.0128005,7.8474492e-4,120800,0.056338571,0.10611024,0.13818792,0.16649286,0.53287041,0.34403479,0.15993068,42800,0.1498892,0.045143154,115150.5119,337391,11.653995350744811,FALSE
Santa Clara University,4,CA,4,Highly selective private,2,13014.673,5435,43812,22527,0.8401332223147376,11662,1300,NA,0.022468021,0.0019997966,149900,0.036217712,0.060836144,0.1054597,0.14669478,0.65079165,0.35654476,0.10844481,72500,0.32964963,0.093141884,108329.0954,840706,11.592929052493966,FALSE
Sarah Lawrence College,1,NY,4,Highly selective private,2,16999.908,1471,50780,22821,0.6914600550964187,9806,NA,NA,0.012169213,4.346796e-5,146500,0.035303123,0.050173916,0.099445447,0.17106196,0.64401555,0.35454121,0.12632087,34300,0.052418157,0.010665632,56374.55609,89955,10.939773202538944,FALSE
Scripps College,4,CA,2,Other elite schools (private and public),2,27007.305,990,47378,22193,0.8414096916299559,10598,1360,NA,0.025185836,0.0018967941,126300,0.051244065,0.073634446,0.13667499,0.17385992,0.56458664,0.28678873,0.082430147,46400,0.10768167,0.03508487,299880.365,295782,12.611138890769785,FALSE
Skidmore College,1,NY,4,Highly selective private,2,19077.725,2684,47314,8753,0.8592375366568914,9067,1240,NA,0.019758493,0.0013540173,175400,0.044441804,0.061012693,0.095092848,0.13006851,0.66938424,0.43079698,0.14186954,47500,0.15156384,0.041611489,124942.9299,326934,11.735612351228822,FALSE
Smith College,1,MA,4,Highly selective private,2,23380.418,2606,44724,8438,0.861280487804878,11800,NA,NA,0.018842867,0.0010955185,114900,0.050264381,0.087585129,0.1366027,0.20756751,0.51798022,0.25262228,0.05460548,46600,0.10203497,0.016995715,579582.9772,1627469,13.270064119087078,FALSE
Southern Methodist University,3,TX,4,Highly selective private,2,13813.917,6357,45940,19647,0.7901990811638591,11283,1310,NA,0.017678505,0.0030452067,176400,0.044499464,0.087756932,0.094763175,0.11861736,0.65436316,0.44958115,0.20762008,55400,0.24937883,0.0813272,141400.504,1383981,11.859351596794692,FALSE
Southwestern University,3,TX,4,Highly selective private,2,12705.229,1535,36120,14871,0.7008086253369272,7926,1155,NA,0.0076792287,1.6793523e-4,130600,0.031312697,0.061414946,0.11495206,0.19057512,0.60174513,0.24844129,0.068877213,50000,0.16383785,0.04049366,159430.5648,239943,11.979363776015722,FALSE
St. Lawrence University,1,NY,4,Highly selective private,2,13247.743,2414,47696,13202,0.8038277511961722,8789,NA,NA,0.020602625,0.0020208352,108400,0.060530484,0.079858646,0.15311313,0.22040436,0.48609334,0.18074282,0.052158859,49400,0.12736048,0.032164969,110697.6007,267593,11.61455744456844,FALSE
Stanford University,4,CA,1,Ivy Plus,2,67758.086,7274,44757,3516,0.957582800697269,19862,1475,NA,0.022457635,0.0066273212,172600,0.035795204,0.058271918,0.086171605,0.12980568,0.68995559,0.42007127,0.14479454,84800,0.43070355,0.20914166,1384423.727,22398130,14.140794529429165,TRUE
Swarthmore College,1,PA,2,Other elite schools (private and public),2,24915.334,1534,46060,10832,0.9342465753424658,12138,1450,NA,0.022861147,0.0060574315,135900,0.046533376,0.07791315,0.10337196,0.16131052,0.61087096,0.30420598,0.089766547,56700,0.2274792,0.088832922,1109651.916,1746962,13.919556934919957,FALSE
Syracuse University,1,NY,4,Highly selective private,2,13149.895,15097,41886,18699,0.8108020698576973,10822,1175,NA,0.029369734,0.001833383,119700,0.056894027,0.097166307,0.12083702,0.18631917,0.53878343,0.25874001,0.072329193,61100,0.21047939,0.049065743,57409.86915,1156828,10.957971503939437,FALSE
Texas Christian University,3,TX,4,Highly selective private,2,13246.397,8640,38600,18556,0.7596095179987797,10206,1180,NA,0.010120558,0.0013076975,142700,0.027070837,0.069262259,0.10407761,0.1657261,0.63386321,0.32393876,0.085260786,52200,0.18314987,0.054693084,143499.0173,1435899,11.87408346607474,FALSE
Trinity University,3,TX,4,Highly selective private,2,13965.813,2161,36214,15376,0.8161648177496038,9715,1265,NA,0.011731648,0,153200,0.024545144,0.058847964,0.095395342,0.1612277,0.65998387,0.3634201,0.089625113,58100,0.22276013,0.067861579,455971.4206,1084908,13.030185412409612,FALSE
Tufts University,1,MA,2,Other elite schools (private and public),2,19334.611,5180,48643,10325,0.921897810218978,11427,1440,NA,0.021266045,0.003530148,187900,0.034208201,0.055438161,0.074133776,0.12855855,0.70766133,0.46011913,0.14427018,73100,0.32391316,0.10815921,148868.2732,1562968,11.910817121421818,FALSE
Vanderbilt University,3,TN,2,Other elite schools (private and public),2,69294.281,6835,43838,7411,0.9251944943147816,12871,1505,NA,0.014718471,0.0032208243,197900,0.024821995,0.051126383,0.093465075,0.12394075,0.70664579,0.48275676,0.21908806,72800,0.33388224,0.12227267,316922.1691,3822187,12.666411499369778,FALSE
Vassar College,1,NY,2,Other elite schools (private and public),2,24883.471,2477,49570,4456,0.9364844903988184,11065,1405,NA,0.010944489,5.9604581e-4,145100,0.033592291,0.056659386,0.10585788,0.18328077,0.62060976,0.33271539,0.084441915,46000,0.12650825,0.033823941,382909.9904,928812,12.855555228532689,FALSE
Villanova University,1,PA,2,Other elite schools (private and public),2,13403.059,7042,45966,20259,0.9008109794135996,10425,1310,NA,0.013182082,0.0017423135,159900,0.022712095,0.043972466,0.080342673,0.15062495,0.70234782,0.36739397,0.10295064,78300,0.34198081,0.097455688,63403.06064,551036,11.057267414338977,FALSE
Wake Forest University,3,NC,2,Other elite schools (private and public),2,24492.465,4823,46200,21854,0.8646482635796973,10928,NA,NA,0.0072119986,0.0010160973,191500,0.017875917,0.036367275,0.079176322,0.12709767,0.73948276,0.46440649,0.16580261,71500,0.32576084,0.10332924,150403.4178,1141211,11.921076414973717,FALSE
Wellesley College,1,MA,2,Other elite schools (private and public),2,30108.783,2474,45078,10495,0.9067796610169492,12025,1385,NA,0.024083447,0.0044665784,142500,0.055223361,0.06853056,0.11533938,0.15284421,0.60806239,0.34042293,0.099150375,56300,0.21270053,0.06806884,743739.511,1784479,13.519446132885388,FALSE
Wesleyan University,1,CT,2,Other elite schools (private and public),2,21727.469,2906,47972,5736,0.9154160982264664,11163,NA,NA,0.019636208,0.0019171118,165300,0.041971348,0.056261145,0.079463735,0.14462636,0.67767739,0.40880695,0.13542680000000001,56500,0.19120903,0.059198409,254165.3465,770121,12.445740304683744,FALSE
Westmont College,4,CA,4,Highly selective private,2,14018.855,1308,39990,22886,0.7577319587628866,9329,1170,NA,0.010913183,0,132100,0.037199788,0.052724354,0.12012423,0.19069502,0.59925663,0.29038101,0.093377963,47600,0.13235609,0.037846915,57902.7027,74984,10.966519341228144,FALSE
Whitman College,4,WA,2,Other elite schools (private and public),2,15977.549,1541,44800,16483,0.8775,8715,1315,NA,0.0088804727,0,138200,0.027092017,0.041661683,0.11105698,0.18269017,0.63749903,0.28303698,0.059529841,48500,0.14207183,0.035852693,331019.8614,477772,12.709933656788625,FALSE
Wofford College,3,SC,4,Highly selective private,2,9669.8057,1615,37120,24441,0.8155844155844156,7867,1165,NA,0.011826379,0,133400,0.037601516,0.066300757,0.091035143,0.19213963,0.61292303,0.28647041,0.085844465,55100,0.21373278,0.060001686,104380.5006,172367,11.555798161123823,FALSE
Worcester Polytechnic Institute,1,MA,4,Highly selective private,2,13702.031,4134,44222,26228,0.8124223602484472,8598,NA,NA,0.021758402,0.0011657587,109500,0.032200336,0.077073932,0.14996967,0.25347868,0.48727742,0.14080228,0.019953895,85200,0.35997632,0.046802469,84749.50021,466320,11.347455127998169,FALSE
Yale University,1,CT,1,Ivy Plus,2,112324.66,5430,45800,7596,0.9779131759329778,16042,1505,NA,0.020817067,0.0038495241,199700,0.03632801,0.04799705,0.069016039,0.1149541,0.73170477,0.48185879,0.17610745,76000,0.40043584,0.18460262,2066579.911,25408600,14.541405581917699,TRUE
